Okej, det sket sig. Dags f√∂r talmannen att koka kaffe och baka kakor. #svpol|true
P√• riktigt ser det ju ut som om @annieloof har en crush p√• @jimmieakesson p√• dessa bilder. √Ñr det D√ÑR skon kl√§mmer?‚Ä¶ https://t.co/BRQMroEf1E|true
Undrar om g√§rningsm√§nnen sl√§pptes in i kommunen av det socialdemokratiska kommunalr√•det Peter Waara. Han har stor s‚Ä¶ https://t.co/3ZUBmp4Wzl|true
"Den som d√∂r i januari betalar allts√• tv-avgiften i ytterligare tolv m√•nader, via sina anh√∂riga."  D√∂ f√∂r fan inte‚Ä¶ https://t.co/PivHtgIRXF|true
@evin_rubar Att det √∂verhuvudtaget valideras falska /k√∂pta utl√§ndska betyg/examina fr√•n korrupta l√§nder b√•de inom &amp;‚Ä¶ https://t.co/IFfLihUA3F|false
Men v√§nta nu, du √§r ju politiker?! Trodde du att du per automatik skulle bli upph√∂jd till skyarna f√∂r att du lurat‚Ä¶ https://t.co/7sSqvY084S|false
Skulle faktiskt vara r√§tt sp√§nnande att se Stefan, Magda &amp; Co. styra Sverige nu n√§r vi snart g√•r in i en l√•gkonjunk‚Ä¶ https://t.co/I2YlTIAsjb|true
@hanifbali Hela po√§ngen med ett "Nej" var att de inte ville vara med och st√∂dja en regering som √§r beroende av SD.‚Ä¶ https://t.co/KfW86vCzfr|true
Fikatips till talmannen.  Har h√∂rt att Stefan √§r svag f√∂r finska pinnar.  Annie √§r nog svag f√∂r dr√∂mmar. Undvik chokladbollen. #svpol|true
Men vad h√§nde med USA:s √∂verl√§gsna kapacitet n√§r det g√§ller bek√§mpning av skogsbr√§nder? Det gapade ju soph√∂gern st√§‚Ä¶ https://t.co/R8vqzSoBLg|false
#svpol " L√∂√∂f √§r en smart tjej. Hon skulle bli en avsev√§rt b√§ttre statsminister √§n L√∂fven men det g√•r ju inte S med‚Ä¶ https://t.co/5Xux56O09R|true
You're a vile piece of crap. You're a disgusting rape-apologist, you're a racist and a misogynist.|false
Finns det n√•got ljuvligare ljud √§n d√•net fr√•n h√∂gerns totala implosion och soph√∂gertrollens bedr√∂velse i sociala medier?|false
#svpol #eupol Brittiska premi√§rministern Mays tal efter dagens debatt i parlamentet v√§cker funderingar. Hon n√§mner‚Ä¶ https://t.co/IKaibgIV7S|true
#svpol #eupol ..r√∂rligheten upph√∂r. Slut med stora √•rliga inbetalningar till EU - storleksordning 200 mdr kr. Slut‚Ä¶ https://t.co/0rWMn2dBwD|true
#svpol #eupol ..borde ha kunnat f√∂rhindra uttr√§det. Nu n√§r det blir ett faktum b√∂r EU dra l√§rdom genom att aktivt s‚Ä¶ https://t.co/gAwlKeHkfI|true
#svpol En sak tror jag att vi kan vara √∂verens om och det √§r att Annie L√∂√∂f som statsminister inte precis kommer at‚Ä¶ https://t.co/YQFOuaKLdD|true
https://t.co/gf2I7ojgsM Det √§r dags f√∂r oss att inf√∂ra den gamla babylonska lagen "ett √∂ga f√∂r ett √∂ga, en tand f√∂r‚Ä¶ https://t.co/DAANimChuS|false
Det verkar mer och mer som att vi i val v√§ljer vem/vilka som ska dj√§vlas med oss, inte vem/vilka som ska betj√§na os‚Ä¶ https://t.co/3jnYpoYus9|true
Knappast ov√§ntat, tv√§rtom mycket rimligt. Sp√§nnande med de 25% center v√§ljare som skyller p√• L√∂fven..... #svpol https://t.co/7KmenIJLBj|false
Jag tror faktiskt Annie √§r f√∂rtjust i Jimmie som Jimmie. Hela mimspelet p√•minner mig om n√§r man var 15 √•r och skull‚Ä¶ https://t.co/QFXjhnwjQ4|true
Det brakar √•t helvete i en ryslig takt fr√•n alla h√•ll och kanter.  Men aldrig √§r det g√§rningsm√§nnen som blir lidand‚Ä¶ https://t.co/eN9TT6imIR|false
Varf√∂r? Antar att hon st√§ller fr√•gan till de 87% av v√§ljarna med "√∂ppna hj√§rtan" f√∂r okompatibla kulturer och v√§rde‚Ä¶ https://t.co/dHCJnVI8Tm|false
F√∂r v√§l fungerande statliga myndigheter beh√∂vs medel f√∂r att organisationen ska fungera bra. Ett √∂nskem√•l oavsett r‚Ä¶ https://t.co/MMTVG1wW7T|true
Mannen p√• bilden v√•ldtog n√•gra barn i Iran - Shoshtar, samt filmade dem n√§r v√•ldt√§kter genomf√∂rdes och hotade barne‚Ä¶ https://t.co/pLwkn9OZ2K|false
Helt sansl√∂st! Helt skaml√∂st. #svpol #migpol|false
Kollar p√• en twitchstream som s√§nds i Sydkorea. Massor med folk som festar och har roligt. Inte ett enda babbeg√§ng‚Ä¶ https://t.co/Id4DTswf5D|false
@miljopartiet @MXCartoons Ni √§r allts√• rasister som s√§tter vita m√§nniskors r√§tt att leva i vr√§kig lyx framf√∂r bruna‚Ä¶ https://t.co/bziDcK7Qec|false
HELT obegripligt att en person som Annie L√∂√∂f f√•r leka lekstuga med hela Sverige som nation f√∂r att hon ska kunna t‚Ä¶ https://t.co/V3ZuLNr17m|false
Det blir intressant att se om Annie L√∂√∂f lyckas med sitt syfte: att manipulera fram en regering med sig sj√§lv som statsminister.#svpol|false
Detta √§r det finaste jag sett p√• Twitter, en mamma som bryr sig, och Twitter fr√•n sin allra finaste sida med alla s‚Ä¶ https://t.co/q7Se01WvJA|true
Hur mycket ska det sparas p√• i Region Mitt och #Polisen? Har lyft detta sedan i september och senast f√∂r n√•gon veck‚Ä¶ https://t.co/El6s3GXfwB|true
@Utfryst_ The man in the picture raped some children in Iran - Shoshtar, as well as filmed them when rapes were car‚Ä¶ https://t.co/5VT528zjG3|false
ja d√§r √§r de ju....de som har √∂ppnat sina d√∂rrar....ta reda p√• deras adresser och √•k dit....s√§ngarna st√•r s√§kert b√§‚Ä¶ https://t.co/JdDwuoK5iD|false
Minns ni n√§r Annie L√∂√∂f snackade om att hon var utbr√§nd, var det i v√•ras? Det d√§r med att politiker √§r konstanta l√∂gnare. #svpol|false
Hur g√∂r man om man inte vill vara medlem i @svt l√§ngre? Finns det n√•gon uttr√§desblankett? #publicservice #svpol #svepol #media|true
Det k√§nns tryggt att det iaf verkar bli en Moderatbudget det ska regeras p√• kommande √•r. Landet beh√∂ver v√§ndas.‚Ä¶ https://t.co/iVUOZMpQEH|true
@CharliePiraten @Nebosa Skatterna kan kallas vad som helst,det mesta g√•r √§nd√• till massinvandringsrelaterade kostnader..#svpol|false
Visste? Har man sett hennes psyko maniska greppande och man√∂vrerande f√∂r att positionera sig d√§r hon √§r idag kan ma‚Ä¶ https://t.co/lJQi3yEaol|false
"Det g√•r inte att f√• Socialdemokraterna som st√∂d till en alliansregering, vilket har varit Annie L√∂√∂fs s√§tt att l√∂s‚Ä¶ https://t.co/b2TbcfyCSL|true
Min oppfatning er at @annieloof vil bryte med Alliansen og ta det feige valget ved √• gi Stefan L√∂fven statsminister‚Ä¶ https://t.co/eOE5Ll4kkB|false
Extraval. Nyval. Omval. Kalla det vad du vill. Jag tror att det √§r vad som v√§ntar oss. #svpol #ExtraVal #Regeringsbildning|true
@Ericson_ubbhult Allt g√•r i samma riktning som i USA: ett system med tv√• block som st√•r mot varandra. Tre block √§r‚Ä¶ https://t.co/B2A7YNZpPs|true
L√∂√∂f: jag, jag, jag, jag, jag, jag.....osv. Sverige √§r i fara. #svpol|false
En ny studie fr√•n G√∂teborgs universitet visar att ton√•ringar som testar alkohol och droger l√∂per en mycket liten ri‚Ä¶ https://t.co/VL1ag0BlX4|true
VEMODIGT !!! Och detta kastar v√•ra politiker bort utan att Blinka !!! üíîü•¥üá∏üá™üíî LANDSF√ñRR√ÑDARE !!! üíòü•áüá∏üá™ü•áüíò|false
Handlar ej bara om S r√∂stboskap utan utbytet av folket i Sverige som g√•r ut p√• att fylla landet m analfabeter m l√•g‚Ä¶ https://t.co/w3GR0GidYF|false
Innan L hunnit skapa ett ‚ÄùEuropas f√∂renta stater‚Äù kommer de inte finnas n√•gra medlemsl√§nder kvar, l√§r av brexit! De‚Ä¶ https://t.co/RgnzgiNqma|true
Sverige verkar klara sig r√§tt bra utan regering! Kanske ska ha det s√• h√§r i forts√§ttningen ü§ì ‚úåÔ∏èüí∞üí∞ #svpol  #sandl√•da|true
SvD/Sifo: En av tre v√§ljare tycker att det √§r L√∂√∂fs fel att Sverige saknar regering https://t.co/3DBRVZZNKG #svpol https://t.co/zlY2LpD6ZO|true
Oj vad de tar i, √§r det ‚Äùseger eller d√∂‚Äù.|true
Hur kommer @annieloof f√∂rh√•lla sig till SD vid en eventuell statsministeromr√∂stning i kammaren? Skulle hon avs√§ga s‚Ä¶ https://t.co/dkOfpdyZsU|true
F√∂rra g√•ngen som Annie L√∂√∂f var p√• tal f√∂r sondering, motsatte sig M och KD detta. Vad √§ndrar deras st√•ndpunkt nu ?‚Ä¶ https://t.co/HPMjp4xuqT|true
#svpol #eupol Storbritanniens brexit sammanfaller med Jean-Claude Junckers ordf√∂randeskap. Man kan reflektera √∂ver‚Ä¶ https://t.co/YMNeaY6vSM|true
Veckans viktigaste program: EFTERLYST.  https://t.co/HFfIpGPbq6 #svpol #efterlyst #efterlysttv3|true
#svpol  SVT  binder ox√• ris √•t egna ryggar,gillar man ev brott mot andra s√•!?.Ser inget fel i att kalla mig om jag‚Ä¶ https://t.co/nuIRDGS5II|false
Gillar att titta p√• den seriefilmen #Efterlyst. Det h√§nder mycket i filmen.  Man √§r s√• inne i den hela tiden. En sk‚Ä¶ https://t.co/EHI0Denxkk|true
Om vi slutar importera arga testosteronstinna unga m√§n utan humankapital s√• minskar m√§ngden √∂verfallsv√•ldt√§kter.  O‚Ä¶ https://t.co/9M6qVEJMqG|false
H√§r l√§gger Jo Johnson - klokt - ut texten ytterligare om varf√∂r en folkomr√∂stning om det nu aktuella f√∂rslaget √§r a‚Ä¶ https://t.co/AQkKOOaxmT|true
Svensk borgerlighets v√§rsta kris sedan hungerkravallerna 1917. Praktarslet Bj√∂rklund sjunker mest av alla. https://t.co/6SJ3mH3jbF #svpol|false
Rasisterna vill g√∂ra det lagligt att hetsa mot m√∂rkhyade, judar, samer och andra grupper som uts√§tts f√∂r deras hat‚Ä¶ https://t.co/uDP3pBFIAG|false
L√∂√∂f, potensiell statsminister, mener likevel landet har plass til 30 millioner til. Hodel√∏se sosialister #svpol|false
Tr√•kig inst√§llning att fr√•nta 15√•ringar fri vilja och framst√§lla dem som totalt styrda av vuxna. Osant. Vad beror d‚Ä¶ https://t.co/F9QZN7VSy0|true
Ja i alla fall C och L verkar bytt sida.|true
@Sharps_Wagner Det sjuka √§r att jag trodde hon var en "duktig" f√∂rvuxen 8-√•ring. N√§r jag fick reda p√• att hon var 1‚Ä¶ https://t.co/yByzBsFZU9|true
Finns det n√•gon politiker som √§r √§rlig? #svpol|false
@andreasostgote allt annat √§n nyval √§r en katastrof. Svenska folket √§r bestulna p√• sina r√§ttigheter och ni politike‚Ä¶ https://t.co/Z4QiyjzK1k|false
Kan faktiskt inte sluta skratta! üòÇ  https://t.co/rq1JYLRKmW|true
Tr√∂tt p√• sociala medier?  - √Ñr det dags f√∂r en svensk sittstrejk f√∂r att visa v√•rt missn√∂je mot v√•ra politiker  - T‚Ä¶ https://t.co/EdXKn86yDJ|false
Tystnaden √§r kompakt i media om FN-avtalet #svpol https://t.co/WcDrWEIAuW|true
84 % av de d√∂mda vid rasistiska gruppv√•ldt√§kter √§r invandrare  #V√•ldt√§ckter #svpol https://t.co/CZqjgC9l1X  Domar f‚Ä¶ https://t.co/RTOidZM3k1|false
M√§ngder av muslimer jag k√§nner till tycker a Lucia o Julen √§r 1 fin tradition. M√•nga h julgran,julstj√§rna vanligt o‚Ä¶ https://t.co/BovubxjsXH|true
Mr Bic f√∂rs√∂ker sl√• sig in p√• den internationella alt-right-fascist-scumbag scenen.  #BudgetBannon #USkon18 #svpol|false
Margot Wallstr√∂m f√∂rel√§ser hos SSU i Sk√•ne. Gissningsvis utbildning i judehat. #svpol https://t.co/m8Ort9Full|false
@Pelle_Z Toppen! P√•minn henne om att Nyheter Idag har s√∂kt henne. S√• hon kan svara dem. Tack! :) #svpol|true
Att anv√§ndandet av bettskenan √∂kar enormt √§r talande. Nu knyter inte svensken n√§ven i fickan l√§ngre, de tuggar frad‚Ä¶ https://t.co/7fKo9fkvMo|true
Vi har inte ett fungerande r√§ttssystem och det √§r den spricka som kommer kn√§cka Sverige fullst√§ndigt och s√§tta land‚Ä¶ https://t.co/FpYVIl2ueT|true
Aftonbladet/Inizio: F√∂rtroendet f√∂r alliansledarna minskar  https://t.co/biq9CtUCk7 #svpol|true
Wallstr√∂mskan representerar inte Sverige.  @svpol_SE #svpol https://t.co/jW5xdkKuRO via @@samhallsnytt|true
Att tvingas betala en "avgift" f√∂r SVT √§r som att tvingas betala leasing for en Trabant man inte anv√§nder n√§r man √§‚Ä¶ https://t.co/OI7NHgouje|true
@viralgranskaren Hela artikeln √§r ju tendenti√∂s. Ni har ju ENBART intervjuat personer som √§r positivt inst√§llda til‚Ä¶ https://t.co/AUI56oQRbW|true
@anderslindberg Ser fram mot den tidpunkt @socialdemokrat √§r s√• maginaliserade att de inte st√§ller upp i val!  #svpol|true
@stakmaskin @xWeeze Bra d√§r eken blev ju dyrare N√∂r man s√•lde ut statliga elverket. Det √∂r detsamma med andra uts√•l‚Ä¶ https://t.co/ldVmF40jjZ|true
Sverige har aldrig varit s√§krare.  #svpol|true
Lamotte: "Kvinnan jag pratar med √§r f√∂rtvivlad. Hennes 11-√•riga dotter har blivit utsatt f√∂r v√•ldt√§kt av tv√• m√§n."‚Ä¶ https://t.co/8x1Qk3iSAV|true
@AndersWester1 Jag v√•gar nog inte betala skatt l√§ngre...!  Mtp gynnande av m√∂rka krafter, typ IS-√•terv√§ndar-bidrag,‚Ä¶ https://t.co/4QX2ypXw6O|false
@swejzan @xWeeze Vi hade tyr som slapp en inkompetent Kristersson som statsminister! #svpol #teamulf https://t.co/U6LGmgNMjf|false
Nya EU-lagen g√∂r sig p√•mind, hur vi tvingas anpassa oss efter icke folkvalda eu toppar √§r skr√§mmande. Det va inte d‚Ä¶ https://t.co/1hrNlstdPq|true
√Ñven de som inte √§r kristna.. varf√∂r vilja bli chippad ett husdjur? #svpol  https://t.co/jemOFONXji|true
Men f√∂r helvete! Det enda dessa fanstyg skall bjudas p√• √§r en enkelbiljett tillbaka till var de kom ifr√•n, alternat‚Ä¶ https://t.co/eG3GALtaaN|false
Grattis Malm√∂, nu kan ni snart f√• s√§tta p√• d√∂da m√§nniskor utan straff om @LUFmalmo f√•r best√§mma #svpol  https://t.co/JRXOSauCY8|false
Detta √§r ju helt sjukt, varf√∂r har det blivit s√•h√§r @socialdemokrat @miljopartiet @vansterpartiet @Centerpartiet‚Ä¶ https://t.co/7IIdtSAoew|false
Det √§r det som √§r meningen, en marknad.|true
#svpol.Ryssen d√∂mer Ukrainas medborgare p√• Ukrainsk mark, Sverige&amp;Finland s√∂k NATO medlemskap genast,s√• slipper vi‚Ä¶ https://t.co/Nr3RNRLtys|true
Utlyser att:  √ñZZ N√úJEN ber√§ttar att √ñZZ N√öJ√ãN √§r med i en stor intervju!|true
Straffrabatt m√•ste slopas ‚Äì unga utnyttjas. Varf√∂r inte inf√∂ra dubbel lagstiftning? De flesta grova brott beg√•s av‚Ä¶ https://t.co/EKim83HwVR|true
Helvetes j√§vlar, Man kan bli galen f√∂r mindre! Vilka satans idioter som har avgjort detta! IS-m√∂rdare √§r det allra‚Ä¶ https://t.co/WiEdWD0Jf2|false
This is Europe today. Macron deploying snipers to stop the protest. Sick!  #svpol #sverige|true
Idag kryllar det av tusentals jihadister, v√•ldt√§ktsm√§n, m√∂rdare och bedragare i Sverige som r√∂r sig fritt p√• v√•ra g‚Ä¶ https://t.co/13CK0ydtXq|false
Nu √§r vi nog 2000 p√• Mynttorget. #svpol #migpol #GCM|true
Inte en chans i hela v√§rlden att L√∂fv√©n √∂kat i f√∂rtroende. Grattis Ebba! #extraval   #svpol #sverige|true
Varf√∂r ser Fredrik Segerfeldt s√• ohygienisk ut?? Tj√§nar inte tillr√§ckligt f√∂r att ha r√•d med tv√§ttmedel och tv√•l el‚Ä¶ https://t.co/clGdyRnwWk|false
#svpol https://t.co/LwBQnDUN6N Det finns inga journalister kvar i v√•rt land, bara aktivister, Det finns inga politi‚Ä¶ https://t.co/02uE6TvnsV|false
@AnneDanmark Muslimsk terror og koranklodser er 100 % selvforskyldt.  Tro ikke, at det er new normal.  Der er fakti‚Ä¶ https://t.co/XfTxw32Ayg|false
The Catholic Popes criminality- WAKE TF UP!!! #svpol https://t.co/QQDm0PEDnz|false
Begriplig tyska. H√∂r sanningen om vad Imamer sysslar med. Mosk√©er √§r er√∂vringscentra. D√§rifr√•n hetsas muslimer att‚Ä¶ https://t.co/8aAUOgVOWB|false
Nu b√∂rjar klimattoppm√∂tet #COP24 i Katowice, Polen. Det √§r ett m√∂te av oerh√∂rt stor vikt d√• man bl.a. ska f√∂rhandla‚Ä¶ https://t.co/2QQtkyiLDu|true
Det vackraste jag sett sedan sopgubbarna i Stockholms l√§n strejkade och v√§grade ge ifr√•n sig nycklarna. #svpol|true
@sarakozy √Öh, herregud! Du √§r doktorand och skriver s√•dant trams. St√§lls inga krav p√• doktorander nu l√§ngre? @Utbdep  #svpol  #migpol|false
